,sna,tot,sbi,sarea,mday,ar,bemp,act
0,YouBike2.0_捷運科技大樓站,28,2,大安區,2023-05-28 20:53:15,復興南路二段235號前,23,1
1,YouBike2.0_復興南路二段273號前,21,0,大安區,2023-05-28 20:52:14,復興南路二段273號西側,21,1
5,YouBike2.0_復興南路二段280號前,11,0,大安區,2023-05-28 20:08:04,復興南路二段280號,11,1
6,YouBike2.0_復興南路二段340巷口,11,3,大安區,2023-05-28 20:48:14,復興南路二段342號,7,1
9,YouBike2.0_新生南路三段82號前,20,2,大安區,2023-05-28 20:52:14,新生南路三段82號,17,1
14,YouBike2.0_羅斯福路三段245號前,8,3,大安區,2023-05-28 20:44:17,羅斯福路三段245號,5,1
15,YouBike2.0_溫州公園,5,1,大安區,2023-05-28 20:53:04,羅斯福路三段283巷11號,4,1
16,YouBike2.0_和平臥龍街口,15,3,大安區,2023-05-28 20:51:15,臥龍街1號,12,1
18,YouBike2.0_銘傳國小側門,7,2,大安區,2023-05-28 20:52:14,羅斯福路四段21號旁天橋下,4,1
20,YouBike2.0_第二學生活動中心,27,1,大安區,2023-05-28 20:45:05,羅斯福路四段107號(西南側),26,1
21,YouBike2.0_臺灣科技大學正門,30,1,大安區,2023-05-28 20:36:04,基隆路四段43號(臺灣科技大學正門旁小側門靠田徑場),28,1
26,YouBike2.0_臺大環研大樓,15,0,大安區,2023-05-28 18:01:03,芳蘭路/基隆路三段155巷口,15,1
31,YouBike2.0_臺大動物醫院前,18,1,大安區,2023-05-28 20:41:04,基隆路三段155巷/基隆路四段口,17,1
33,YouBike2.0_臺大萬才館前,20,3,大安區,2023-05-28 20:15:15,臺大萬才館北側,17,1
35,YouBike2.0_臺大社科院圖書館前,27,2,大安區,2023-05-28 20:47:14,辛亥路與復興南路口西南側,25,1
36,YouBike2.0_臺大法人語言訓練中心前,28,3,大安區,2023-05-28 20:53:15,臺大法人語言訓練中心北側,25,1
42,YouBike2.0_大安區健康服務中心,15,0,大安區,2023-05-28 20:30:26,辛亥路三段15號,15,1
43,YouBike2.0_辛亥泰順街口,20,2,大安區,2023-05-28 20:53:15,辛亥泰順街口東南側,16,1
46,YouBike2.0_臥龍公園,14,2,大安區,2023-05-28 20:51:15,辛亥路三段223號西側,12,1
52,YouBike2.0_捷運臺電大樓站(2號出口),15,1,大安區,2023-05-28 20:46:15,辛亥路一段/羅斯福路三段口北側(辛亥路側),14,1
55,YouBike2.0_和平泰順街口,9,2,大安區,2023-05-28 20:52:14,和平東路一段/泰順街口東南側,7,1
58,YouBike2.0_捷運古亭站(5號出口),14,2,大安區,2023-05-28 20:52:14,和平東路一段19號前,12,1
67,YouBike2.0_敦化南路二段293巷口南側,14,0,大安區,2023-05-28 20:46:04,敦化南路二段293巷口南側,14,1
71,YouBike2.0_臨江街夜市(基隆路),17,3,大安區,2023-05-28 20:53:15,基隆路二段108號,14,1
74,YouBike2.0_幸安國小(仁愛路),16,2,大安區,2023-05-28 20:53:15,仁愛路三段22號,13,1
75,YouBike2.0_民榮公園,15,0,大安區,2023-04-20 07:22:04,建國南路一段304巷45號南側,15,0
79,YouBike2.0_捷運大安站(4號出口),13,1,大安區,2023-05-28 20:53:15,信義路4段6號(前),12,1
83,YouBike2.0_仁愛安和路口,25,1,大安區,2023-05-28 20:48:14,仁愛路四段258號前,24,1
87,YouBike2.0_八德市場,30,0,大安區,2023-05-28 20:39:04,市民大道三段170號,29,1
91,YouBike2.0_光信公園(光復南路456巷),15,3,大安區,2023-05-28 20:46:15,延吉街249號,12,1
94,YouBike2.0_捷運忠孝新生站(6號出口),15,0,大安區,2023-05-28 19:51:04,新生南路一段101號,15,1
95,YouBike2.0_捷運忠孝新生站(4號出口),34,0,大安區,2023-05-28 20:32:04,忠孝新生路口北側,33,1
97,YouBike2.0_捷運忠孝新生站(3號出口),23,0,大安區,2023-05-28 20:53:04,忠孝東路三段與10巷口,23,1
100,YouBike2.0_捷運大安森林公園站(5號出口),15,0,大安區,2023-05-28 20:48:04,捷運大安森林公園站(5號出口)東側,15,1
101,YouBike2.0_信義建國路口,38,2,大安區,2023-05-28 20:44:17,建國南路二段與信義路三段口西南側,33,1
105,YouBike2.0_捷運忠孝敦化站(2號出口),17,0,大安區,2023-05-28 20:52:14,忠孝東路四段221號,17,1
106,YouBike2.0_捷運忠孝敦化站(7號出口),18,1,大安區,2023-05-28 20:51:15,忠孝東路四段143號,16,1
109,YouBike2.0_捷運科技大樓站(台北教育大學),46,2,大安區,2023-05-28 20:40:21,和平東路二段134號前,44,1
110,YouBike2.0_捷運國父紀念館站(2號出口),38,1,大安區,2023-05-28 20:50:19,忠孝東路四段/光復南路口(西南側),34,1
111,YouBike2.0_仁愛醫院,30,2,大安區,2023-05-28 20:53:15,仁愛路四段/大安路一段口(西南側),28,1
114,YouBike2.0_仁愛延吉街口,25,2,大安區,2023-05-28 20:53:15,仁愛路四段376號前,23,1
119,YouBike2.0_芳蘭山莊,16,3,大安區,2023-05-28 20:16:15,基隆路三段155巷148號,13,1
121,YouBike2.0_捷運東門站(5號出口),28,3,大安區,2023-05-28 20:52:14,信義路二段178號前,24,1
123,YouBike2.0_捷運公館站(3號出口),90,3,大安區,2023-05-28 20:48:14,捷運公館站(3號出口)西側,87,1
124,YouBike2.0_臺北科技大學(電機工程系),16,1,大安區,2023-05-28 20:48:14,忠孝東路三段100號對側,15,1
126,YouBike2.0_新生南路三段94巷口,15,0,大安區,2023-05-28 20:52:14,新生南路三段94號前,14,1
128,YouBike2.0_捷運大安站(6號出口),19,0,大安區,2023-05-28 20:51:04,復興南路一段303號前,19,1
132,YouBike2.0_敦親公園,20,2,大安區,2023-05-28 20:52:14,和平東路二段96巷8之1號(前方),18,1
136,YouBike2.0_仁愛路四段122巷口,16,2,大安區,2023-05-28 20:49:14,仁愛路四段118號前,14,1
137,YouBike2.0_市民敦化路口,15,0,大安區,2023-05-28 20:44:05,敦化南路一段111號前,15,1
140,YouBike2.0_和平新生路口西南側,13,3,大安區,2023-05-28 20:52:14,新生南路三段2號前,10,1
142,YouBike2.0_信義路三段134巷口,19,2,大安區,2023-05-28 20:43:17,信義路三段/信義路三段134巷口,17,1
143,YouBike2.0_仁愛敦南圓環(東南側),16,1,大安區,2023-05-28 20:43:17,仁愛路四段110號前,12,1
145,YouBike2.0_外交部外交及國際事務學院,17,0,大安區,2023-05-28 20:52:04,敦化南路一段280號,17,1
148,YouBike2.0_捷運臺電大樓站(2號出口)_1,31,1,大安區,2023-05-28 20:48:14,羅斯福路三段201號旁,30,1
150,YouBike2.0_臺大資訊大樓,40,3,大安區,2023-05-28 19:59:13,辛亥路二段(臺大外語學院外),37,1
151,YouBike2.0_敦化南路二段81巷,40,3,大安區,2023-05-28 20:53:15,敦化南路二段與敦化南路二段81巷口西北側,36,1
152,YouBike2.0_原臺北刑務所官舍,23,3,大安區,2023-05-28 20:45:15,金華街78號對側,20,1
153,YouBike2.0_捷運國父紀念館站(1號出口),25,2,大安區,2023-05-28 20:50:19,光復南路200巷26號東側,21,1
154,YouBike2.0_懷生國中,15,0,大安區,2023-05-28 20:53:04,忠孝東路三段248巷30號,14,1
158,YouBike2.0_捷運大安站(5號出口),19,0,大安區,2023-05-28 20:52:04,復興南路二段/信義路四段(東南側),19,1
160,YouBike2.0_羅斯福路四段113巷19弄口,14,3,大安區,2023-05-28 20:10:19,羅斯福路四段119巷84號對側,10,1
161,YouBike2.0_忠孝東路四段248巷口,15,0,大安區,2023-05-28 20:39:04,忠孝東路四段230號前,13,1
164,YouBike2.0_羅斯福浦城街口,15,0,大安區,2023-05-28 20:13:04,羅斯福路三段117號前,15,1
169,YouBike2.0_重慶酒泉街口,30,3,大同區,2023-05-28 20:49:14,重慶北路三段260號前,27,1
170,YouBike2.0_樹德公園,14,1,大同區,2023-05-28 20:52:04,大龍街85巷12號對側,13,1
173,YouBike2.0_捷運圓山站(1號出口),44,2,大同區,2023-05-28 20:53:15,酒泉街235號前,39,1
176,YouBike2.0_重慶北路三段383巷口,25,1,大同區,2023-05-28 20:27:14,敦煌路與重慶北路三段383巷口,23,1
179,YouBike2.0_民權迪化街口,23,3,大同區,2023-05-28 20:27:14,民權西路與迪化街一段口(橋墩下),20,1
182,YouBike2.0_大龍峒社會住宅,20,1,大同區,2023-05-28 20:36:14,承德路三段210號旁,19,1
183,YouBike2.0_捷運大橋頭站(2號出口),57,2,大同區,2023-05-28 20:49:14,捷運大橋頭站(2號出口)西側,54,1
185,YouBike2.0_捷運民權西路站(2號出口),25,0,大同區,2023-05-28 19:13:04,捷運民權西路站(2號出口)西側,25,1
190,YouBike2.0_大龍公園,18,2,大同區,2023-05-28 20:50:19,大龍街217號對側,16,1
191,YouBike2.0_重慶涼州街口,13,1,大同區,2023-05-28 19:30:43,重慶北路二段180號旁,12,1
192,YouBike2.0_圓山線形公園,14,0,大同區,2023-05-28 20:53:15,玉門街/民族西路(西北側),14,1
194,YouBike2.0_重慶民族路口,20,2,大同區,2023-05-28 20:50:19,重慶北路三段162號前,18,1
204,YouBike2.0_歸綏戲曲公園,20,1,大同區,2023-05-28 20:50:19,重慶北路二段/歸綏街口(南側),19,1
206,YouBike2.0_承德民權路口,17,0,大同區,2023-05-28 20:44:05,承德路二段239號前,17,1
208,YouBike2.0_承德民生西路口,11,2,大同區,2023-05-28 20:48:14,承德路二段137號前,9,1
210,YouBike2.0_臺北轉運站(華陰街),20,0,大同區,2023-05-28 20:47:04,華陰街45號(對面),20,1
211,YouBike2.0_捷運民權西路站(3號出口),50,1,大同區,2023-05-28 20:49:14,民權西路70巷37號對面,49,1
212,YouBike2.0_捷運中山站(5號出口),11,3,大同區,2023-05-28 20:51:15,南京西路57號前,8,1
214,YouBike2.0_承德昌吉街口,18,3,大同區,2023-05-28 20:47:14,承德路三段83號前,15,1
216,YouBike2.0_捷運圓山站(2號出口),37,1,大同區,2023-05-28 20:52:14,承德路三段/庫倫街(東南側),35,1
217,YouBike2.0_樹德公園_1,21,0,大同區,2023-05-28 20:39:04,大龍街/大龍街85巷(東北側),21,1
219,YouBike2.0_成淵高中,14,3,大同區,2023-05-28 20:35:14,錦西街與錦西街52巷口東北側,11,1
222,YouBike2.0_延平涼州街口,14,2,大同區,2023-05-28 20:53:15,延平北路二段/涼州街口(行人天橋下),12,1
228,YouBike2.0_天和公園,13,3,士林區,2023-05-28 20:49:14,天母東路69巷30號(前方路側),9,1
234,YouBike2.0_天母北天玉街口,15,1,士林區,2023-05-28 19:43:15,天母北路33號(前),14,1
237,YouBike2.0_劍潭海外青年活動中心,23,2,士林區,2023-05-28 20:52:14,中山北路4段/通河街口,21,1
257,YouBike2.0_兒童新樂園,23,3,士林區,2023-05-28 20:46:15,承德路五段55號(旁公車亭),20,1
259,YouBike2.0_華聲公園,27,0,士林區,2023-02-03 10:09:04,華聲街17號(南側路側),27,0
261,YouBike2.0_捷運士林站(2號出口),30,2,士林區,2023-05-28 20:48:14,中山北路五段505巷44弄2號(對面),26,1
262,YouBike2.0_銘傳大學,30,0,士林區,2023-05-17 23:56:05,中山北路五段250號(銘傳大學對側),29,0
266,YouBike2.0_捷運芝山站(1號出口),36,2,士林區,2023-05-28 20:44:18,福華路114號(對面),33,1
267,YouBike2.0_至誠公園,15,0,士林區,2023-05-28 20:15:05,至誠路一段80號(對面),15,1
268,YouBike2.0_原住民文化主題公園,21,1,士林區,2023-05-28 18:30:47,至善路二段280號(對面),20,1
271,YouBike2.0_延平北中正路口,30,3,士林區,2023-05-28 20:52:14,中正路613號(對面),27,1
273,YouBike2.0_重慶北葫東街口,15,2,士林區,2023-05-28 20:18:14,重慶北路四段177號(前),13,1
280,YouBike2.0_社子公園,14,2,士林區,2023-05-28 20:42:14,永平街20巷37弄/永平街20巷11弄(社子公園南側),12,1
282,YouBike2.0_泰北高中,16,3,士林區,2023-05-28 20:30:37,福林路240號(前),13,1
288,YouBike2.0_社子島濕地解說小築,15,3,士林區,2023-05-28 19:35:14,社子島濕地解說小築,12,1
289,YouBike2.0_福安國中,11,1,士林區,2023-05-28 18:57:15,延平北路七段250號(前),10,1
296,YouBike2.0_福林公園(中正路),27,1,士林區,2023-05-28 20:51:15,中正路/志成街口(南側),25,1
300,YouBike2.0_永平社會住宅,15,2,士林區,2023-05-28 20:52:14,環河北路三段261巷2號,13,1
304,YouBike2.0_至誠雨聲街口,9,2,士林區,2023-05-28 20:42:04,至誠路二段與雨聲街口東北側,6,1
306,YouBike2.0_天母公園,12,2,士林區,2023-05-28 18:36:15,中山北路七段141巷30號對側,10,1
307,YouBike2.0_基河文林路口,16,2,士林區,2023-05-28 20:33:15,基河路3-1號對側人行道,14,1
315,YouBike2.0_社子市場,15,2,士林區,2023-05-28 20:13:16,延平北路六段67號旁,13,1
319,YouBike2.0_延平北路五段257巷15弄口,13,3,士林區,2023-05-28 20:51:15,葫蘆街184號對側,10,1
320,YouBike2.0_延平北路五段257巷4弄口,15,1,士林區,2023-05-28 20:31:15,延平北路五段257巷17號前,14,1
321,YouBike2.0_啟明學校,16,0,士林區,2023-05-28 20:45:05,忠誠路二段200號(新光三越天母店)對側,15,1
322,YouBike2.0_中山福國路口,14,1,士林區,2023-05-28 20:23:04,中山北路五段837號前,11,1
327,YouBike2.0_捷運芝山站(2號出口)_1,62,2,士林區,2023-05-28 20:52:14,福華路/福華路162巷(東南側),60,1
329,YouBike2.0_海光公園南側,12,3,士林區,2023-05-28 20:49:14,葫蘆街79號對側公園,9,1
331,YouBike2.0_劍潭郵局,16,1,士林區,2023-05-28 20:27:14,基河路/承德路四段77巷口(捷運橋下),15,1
334,YouBike2.0_臺北市立大學(忠誠路二段207巷),17,2,士林區,2023-05-28 20:12:14,忠誠路二段207巷/士東路299巷口,15,1
336,YouBike2.0_美崙公園(東北側),15,2,士林區,2023-05-28 20:09:14,文林路587巷115號對側,13,1
339,YouBike2.0_捷運萬隆站(1號出口),34,1,文山區,2023-05-28 20:49:04,羅斯福路五段250號(前),33,1
341,YouBike2.0_捷運萬隆站(2號出口),12,0,文山區,2023-05-28 20:46:04,興隆路一段70巷/羅斯福路5段211巷26弄口,11,1
353,YouBike2.0_仙跡岩登山口(景興路),22,2,文山區,2023-05-28 20:49:14,景興街239號(前),20,1
354,YouBike2.0_國立政治大學,35,1,文山區,2023-05-28 20:39:14,指南路二段153號(對面),34,1
356,YouBike2.0_捷運木柵站,31,2,文山區,2023-05-28 20:52:14,木柵路四段82巷18號前(捷運橋樑下),29,1
359,YouBike2.0_捷運辛亥站,29,1,文山區,2023-05-28 20:53:15,辛亥路四段114號(旁人行道),27,1
363,YouBike2.0_和興路26巷口,15,2,文山區,2023-05-28 20:53:15,和興路44巷 / 和興路26巷口,11,1
367,YouBike2.0_永安藝文館-表演36房,15,3,文山區,2023-05-28 20:49:14,木新路二段156號前人行道(永安市場),12,1
370,YouBike2.0_老泉街籃球場,14,2,文山區,2023-05-28 19:04:14,老泉街26巷老泉街口(籃球場前),12,1
373,YouBike2.0_興隆公共住宅D2區,19,1,文山區,2023-05-28 20:27:04,興隆路四段105巷49號(旁),18,1
374,YouBike2.0_木新路3段95巷口,16,1,文山區,2023-05-28 20:43:17,木新路三段95巷30號(對面),13,1
376,YouBike2.0_實踐國中,14,0,文山區,2023-05-28 20:35:04,忠順街一段2號(旁),14,1
378,YouBike2.0_萊茵公園,14,0,文山區,2023-05-28 20:13:04,忠順街二段87巷25弄29號,14,1
380,YouBike2.0_秀明路一段185巷口,20,2,文山區,2023-05-28 20:36:15,秀明路一段與秀明路一段185巷口,18,1
382,YouBike2.0_恆光橋(老泉街),13,0,文山區,2023-05-28 20:49:04,老泉街/恆光街口,13,1
387,YouBike2.0_博嘉運動公園,12,0,文山區,2023-05-28 15:23:04,木柵路四段159巷16號,12,1
393,YouBike2.0_海巡署(南側),10,1,文山區,2023-05-28 20:09:14,興隆路三段211號對側(公車亭後),9,1
394,YouBike2.0_明道國小東南側,18,0,文山區,2023-05-28 19:48:04,興隆路四段109巷116號對側,18,1
395,YouBike2.0_木南公園,12,1,文山區,2023-05-28 20:51:15,木新路二段永安街22巷口,11,1
396,YouBike2.0_實踐國中(木新路三段310巷口),17,2,文山區,2023-05-28 20:37:14,忠順街一段木新路三段310巷口,12,1
397,YouBike2.0_師範大學公館校區_1,25,2,文山區,2023-05-28 20:52:14,師大公館校區校門口(汀州路側),23,1
398,YouBike2.0_捷運動物園站(2號出口),39,2,文山區,2023-05-28 20:42:14,新光路二段28號前,36,1
402,YouBike2.0_景美污水抽水站,15,0,文山區,2023-05-28 20:53:04,汀州路四段10號北側人行道,15,1
404,YouBike2.0_景興國中,10,2,文山區,2023-05-28 20:37:14,三福街4巷與景興路46巷口,7,1
405,YouBike2.0_景仁公園_1,15,3,文山區,2023-05-28 20:51:15,景仁街 / 羅斯福路六段142巷口(北側),11,1
407,YouBike2.0_景行公園,15,1,文山區,2023-05-28 20:53:04,景中街與景中街30巷口,13,1
410,YouBike2.0_景興路42巷口,12,2,文山區,2023-05-28 20:36:15,景興路42巷與景興路口西南側,10,1
411,YouBike2.0_木柵路三段48巷,15,3,文山區,2023-05-28 20:34:14,木柵路三段48巷1弄口,12,1
412,YouBike2.0_木柵路二段109巷,15,1,文山區,2023-05-28 20:52:14,木柵路二段109巷14號旁,14,1
419,YouBike2.0_捷運公館站(1號出口),12,2,中正區,2023-05-28 20:52:14,羅斯福路四段68號,10,1
421,YouBike2.0_捷運古亭站(9號出口),20,1,中正區,2023-05-28 20:50:19,羅斯福路二段100號(前方),19,1
429,YouBike2.0_羅斯福三段金門街口,15,3,中正區,2023-05-28 20:51:15,羅斯福路三段2號前,11,1
430,YouBike2.0_牯嶺公園,46,3,中正區,2023-05-28 20:50:19,廈門街113巷/牯嶺街口(西側),41,1
431,YouBike2.0_捷運古亭站(8號出口),15,3,中正區,2023-05-28 20:45:15,和平西路一段13-1號前方,11,1
432,YouBike2.0_捷運古亭站(7號出口),12,3,中正區,2023-05-28 20:49:14,羅斯福路二段44號前方,9,1
438,YouBike2.0_捷運中正紀念堂站(3號出口),18,1,中正區,2023-05-28 20:50:19,金華街17號前方,16,1
442,YouBike2.0_古亭智慧圖書館,14,3,中正區,2023-05-28 20:35:14,中華路二段443巷45號前,11,1
444,YouBike2.0_中華路二段409巷口,15,3,中正區,2023-05-28 20:45:15,中華路二段403號前,9,1
451,YouBike2.0_介壽公園,23,0,中正區,2023-05-28 20:44:05,貴陽街懷寧街口(東北側),23,1
456,YouBike2.0_林森仁愛路口,13,1,中正區,2023-05-28 20:45:15,林森南路與仁愛路一段西北側,11,1
459,YouBike2.0_捷運善導寺站(3號出口),20,1,中正區,2023-05-28 20:29:15,林森南路1號南側,18,1
461,YouBike2.0_延平南路133巷口,17,1,中正區,2023-05-28 20:03:15,延平南路162號對側,16,1
472,YouBike2.0_捷運臺大醫院站(4號出口),60,1,中正區,2023-05-28 20:52:14,常德街1號(公園路側),57,1
473,YouBike2.0_寶藏巖觀音亭,23,2,中正區,2023-05-28 20:40:21,汀州路三段230巷23號,21,1
474,YouBike2.0_師大水源路口,21,1,中正區,2023-05-28 20:33:15,師大路/水源路口(東南側),20,1
475,YouBike2.0_中山徐州路口,16,1,中正區,2023-05-28 20:48:14,中山南路/徐州路(東南側),13,1
480,YouBike2.0_光華商場,28,3,中正區,2023-05-28 20:50:19,新生北路一段/市民大道三段口(西側),22,1
483,YouBike2.0_北平東杭州北路口,20,1,中正區,2023-05-28 20:43:17,北平東路/杭州北路口(東北側),19,1
488,YouBike2.0_捷運中正紀念堂站(6號出口),17,0,中正區,2023-05-28 17:05:05,捷運中正紀念堂站(6號出口)北側,16,1
490,YouBike2.0_臺北市國父史蹟館(逸仙公園),31,2,中正區,2023-05-28 20:49:14,中山北路一段46號北側,29,1
493,YouBike2.0_臺北市第一女子高級中學,17,0,中正區,2023-05-28 20:48:04,重慶南路一段165號旁,17,1
498,YouBike2.0_仁愛林森路口,20,3,中正區,2023-05-28 20:39:14,仁愛路一段路口/林森南路(東北側),15,1
501,YouBike2.0_杭州南路一段101巷口,14,0,中正區,2023-05-28 20:38:04,金山南路一段72號前,14,1
503,YouBike2.0_龍興里活動中心,21,3,中正區,2023-05-28 20:48:14,三元街131號旁,18,1
504,YouBike2.0_植物園,22,3,中正區,2023-05-28 20:52:14,和平西路二段100號前,18,1
507,YouBike2.0_北平紹興路口,15,3,中正區,2023-05-28 20:50:19,北平東路30號對側人行道,12,1
509,YouBike2.0_捷運忠孝新生站(1號出口),19,0,中正區,2023-05-28 20:50:09,捷運忠孝新生站(1號出口)後方,19,1
510,YouBike2.0_捷運忠孝新生站(5號出口),13,1,中正區,2023-05-28 20:47:14,新生南路一段56號前方,12,1
511,YouBike2.0_捷運臺大醫院站(1號出口),19,1,中正區,2023-05-28 20:30:26,公園路/常德街口(西側),17,1
512,YouBike2.0_臺大醫院兒童醫院,22,0,中正區,2023-05-28 20:41:04,中山南路8號(青島西路側),21,1
513,YouBike2.0_林森濟南路口(東北側),15,3,中正區,2023-05-28 20:39:14,林森南路/濟南路一段口(東北側),11,1
516,YouBike2.0_立法院台北會館,15,2,中正區,2023-05-28 20:50:19,博愛路217號旁,12,1
517,YouBike2.0_捷運善導寺站(3號出口)(忠孝東路側),17,0,中正區,2023-05-28 20:49:04,忠孝東路一段/林森南路口,16,1
522,YouBike2.0_臺灣文學基地,15,2,中正區,2023-05-28 20:53:15,齊東街53巷10號,13,1
530,YouBike2.0_樂群二堤頂大道口,20,2,中山區,2023-05-28 20:32:14,堤頂大道二段382號(旁),17,1
534,YouBike2.0_北安大直街口,15,1,中山區,2023-05-28 20:44:18,北安路676號前人行道,14,1
540,YouBike2.0_南京遼寧街口,34,2,中山區,2023-05-28 20:53:15,南京東路三段189號(對面),32,1
541,YouBike2.0_伊通長安路口,21,1,中山區,2023-05-28 20:45:16,伊通街/長安東路二段(西南側路側),19,1
546,YouBike2.0_松江公園,25,1,中山區,2023-05-28 20:45:05,松江路/松江路84巷(西北側路側),24,1
549,YouBike2.0_民生建國路口,26,0,中山區,2023-05-28 20:44:05,民生東路三段 / 建國北路二段口,25,1
551,YouBike2.0_捷運中山國中站,62,2,中山區,2023-05-28 20:49:14,復興北路386號南側,59,1
553,YouBike2.0_建國長春路口,16,0,中山區,2023-05-28 20:36:04,建國北路/長春路口(南側),13,1
554,YouBike2.0_南京建國路口,42,0,中山區,2023-05-28 20:38:04,南京東路二段/建國北路二段(北側),41,1
557,YouBike2.0_中吉公園,15,3,中山區,2023-05-28 20:41:16,松江路170巷20號對側,12,1
562,YouBike2.0_捷運中山國小站(2號出口),59,0,中山區,2023-05-28 20:39:04,捷運中山國小站(2號出口)後方,58,1
565,YouBike2.0_捷運中山國小站(4號出口),20,0,中山區,2023-05-28 20:53:15,民權東路一段/民權東路一段71巷口,20,1
566,YouBike2.0_農安雙城街口,15,2,中山區,2023-05-28 20:53:15,農安街12-1號前方,13,1
567,YouBike2.0_新生德惠街口,15,0,中山區,2023-05-28 19:28:04,新生北路三段76號對側,15,1
568,YouBike2.0_民族林森路口,20,2,中山區,2023-05-28 20:27:04,民族東路17號前,16,1
569,YouBike2.0_臺北市立美術館,24,2,中山區,2023-05-28 20:50:19,花博公園5號出入口旁,22,1
570,YouBike2.0_中山民族路口,16,1,中山區,2023-05-28 20:53:04,中山北路三段54號前,14,1
572,YouBike2.0_南京林森路口(東南側),10,0,中山區,2023-05-28 20:50:09,南京東路一段86號前,9,1
573,YouBike2.0_仁德公園,18,0,中山區,2023-04-17 00:35:05,吉林路108巷與南京東路二段21巷口東南側,18,0
575,YouBike2.0_下埤公園,24,3,中山區,2023-05-28 20:50:19,民族東路512巷13弄4號,20,1
576,YouBike2.0_五常國中,16,3,中山區,2023-05-28 20:44:18,復興北路488巷2弄5號對側,12,1
578,YouBike2.0_民權建國路口,34,2,中山區,2023-05-28 20:49:14,民權東路三段/建國北路三段口(東北側),32,1
580,YouBike2.0_新喜公園,13,2,中山區,2023-05-28 20:28:14,德惠街170巷22號對側,11,1
582,YouBike2.0_民族松江路口,17,0,中山區,2023-05-28 20:41:04,民族東路與松江路口西北側,17,1
584,YouBike2.0_中山公民會館,20,1,中山區,2023-05-28 20:41:16,中山北路二段128巷口,19,1
586,YouBike2.0_捷運中山站(2號出口),33,1,中山區,2023-05-28 20:53:15,南京西路4號前,30,1
588,YouBike2.0_新生公園,16,0,中山區,2023-05-28 20:48:04,民族東路/吉林路口(西北側),16,1
591,YouBike2.0_建國農安街口,35,1,中山區,2023-05-28 20:44:18,建國北路/農安街口(建國橋下),32,1
592,YouBike2.0_松江路77巷口,10,3,中山區,2023-05-28 20:24:14,松江路77巷口,7,1
595,YouBike2.0_民權吉林路口,15,2,中山區,2023-05-28 20:48:14,民權東路二段51號前,13,1
603,YouBike2.0_中山北路二段59巷口,12,0,中山區,2023-05-28 20:51:04,中山北路二段59之3號前,10,1
605,YouBike2.0_新生錦州街口,20,2,中山區,2023-05-28 20:49:14,新生北路二段100號前,18,1
606,YouBike2.0_濱江街199巷口,15,1,中山區,2023-05-28 20:51:04,濱江街199巷(八號疏散門前),14,1
607,YouBike2.0_大佳社區公園,15,0,中山區,2023-05-28 20:37:04,濱江街154巷對側,15,1
608,YouBike2.0_濱江果菜市場,22,1,中山區,2023-05-28 20:27:04,民族東路336號前,20,1
610,YouBike2.0_復興北路514巷口東側,10,3,中山區,2023-05-28 20:47:14,復興北路514巷66號前側,5,1
611,YouBike2.0_台泥大樓,18,2,中山區,2023-05-28 20:47:14,中山北路二段113-133號前,15,1
612,YouBike2.0_植福樂群路口,10,0,中山區,2023-05-28 20:39:04,植福路/樂群三路(西北側),10,1
613,YouBike2.0_新興公園,20,1,中山區,2023-05-28 20:53:15,錦州街13巷/中山北路二段137巷口(東南側),19,1
614,YouBike2.0_南京伊通街口,11,0,中山區,2023-05-28 20:52:14,南京東路二段178-1號,11,1
615,YouBike2.0_南京龍江路口,15,1,中山區,2023-05-28 20:44:05,南京東路三段121號前,14,1
621,YouBike2.0_長春路137巷口,16,2,中山區,2023-05-28 20:52:14,民生東路二段134號前,14,1
622,YouBike2.0_松江民生路口,17,1,中山區,2023-05-28 20:51:15,松江路208號前,15,1
623,YouBike2.0_松江路132巷口,14,1,中山區,2023-05-28 20:32:14,吉林路100號對側,13,1
626,YouBike2.0_捷運松江南京站(8號出口),20,2,中山區,2023-05-28 20:38:14,南京東路二段101號前,18,1
627,YouBike2.0_南京一江街口,10,3,中山區,2023-05-28 20:53:15,南京東路二段85號前,7,1
628,YouBike2.0_松江長春路口,16,1,中山區,2023-05-28 20:37:14,松江路158號前,15,1
630,YouBike2.0_民族玉門街口,20,0,中山區,2023-05-28 19:34:06,民族西路口與玉門街口東北側,20,1
635,YouBike2.0_民權吉林路口(南側),16,0,中山區,2023-05-28 20:37:04,民權東路二段46號前,16,1
637,YouBike2.0_民權新生路口,26,1,中山區,2023-05-28 20:46:04,民權東路一段/新生北路三段(北側)(新生高架橋下),25,1
638,YouBike2.0_建國長春路口(北側),20,0,中山區,2023-05-28 20:52:04,建國北路/長春路口(北側),18,1
640,YouBike2.0_臺北市立美術館_1,18,1,中山區,2023-05-28 20:47:04,中山北路三段(花博流行館前),17,1
646,YouBike2.0_新生民族路口(西南側),15,1,中山區,2023-05-28 20:38:04,新生北路三段/民族東路(西南側),14,1
647,YouBike2.0_捷運南京復興站(1號出口),21,3,中山區,2023-05-28 20:38:14,捷運南京復興站(1號出口)後方(遼寧街155巷),15,1
648,YouBike2.0_八德市場(北側),16,2,中山區,2023-05-28 20:38:14,建國南路一段/市民大道交叉口(北側),13,1
652,YouBike2.0_民權建國路口(南側),15,0,中山區,2023-05-28 20:11:04,民權東路三段/建國北路二段(南側高架橋下),14,1
654,YouBike2.0_新生濱江街口(東南側),21,0,中山區,2023-05-28 18:21:04,新生北路三段/濱江街口(東南側),21,1
655,YouBike2.0_新生北路一段62巷口,20,3,中山區,2023-05-28 20:38:14,新生北路一段64號對側,17,1
659,YouBike2.0_長春路258巷2弄口,15,3,中山區,2023-05-28 20:49:14,長春路258巷6號北側,12,1
663,YouBike2.0_市民安東街口,20,0,中山區,2023-05-28 20:26:04,市民大道三段179號前,20,1
668,YouBike2.0_西康公園,16,3,內湖區,2023-05-28 20:44:18,內湖路一段225巷口,13,1
670,YouBike2.0_文湖街81巷10號西側,14,3,內湖區,2023-05-28 20:43:17,文湖街81巷10號西側,9,1
674,YouBike2.0_港華五號公園,16,2,內湖區,2023-05-28 20:36:15,環山路二段81號西北側,14,1
677,YouBike2.0_東湖路113巷95弄,10,3,內湖區,2023-05-28 20:44:18,東湖路113巷95弄13號西側,6,1
683,YouBike2.0_捷運西湖站(1號出口),35,2,內湖區,2023-05-28 20:46:16,內湖路一段285巷15號(對面),32,1
684,YouBike2.0_捷運西湖站(2號出口),12,1,內湖區,2023-05-28 20:38:14,內湖路一段291號(對面),11,1
688,YouBike2.0_成功金龍路口,23,3,內湖區,2023-05-28 20:53:15,成功路四段188號,20,1
690,YouBike2.0_金瑞公園,20,2,內湖區,2023-05-28 20:45:16,金龍路203-8號北側,17,1
691,YouBike2.0_捷運文德站(2號出口),49,1,內湖區,2023-05-28 20:43:17,文德路212號旁,48,1
702,YouBike2.0_內湖行政中心,25,3,內湖區,2023-05-28 20:17:40,民權東路六段99號(前),22,1
708,YouBike2.0_民權瑞光路口,20,3,內湖區,2023-05-28 20:34:14,民權東路六段50號,17,1
710,YouBike2.0_民權東路六段15巷,17,1,內湖區,2023-05-28 20:44:05,民權東路六段15巷29號,16,1
711,YouBike2.0_扶輪親恩公園,17,1,內湖區,2023-05-28 20:30:26,民權東路六段30號,15,1
717,YouBike2.0_臺北市網球中心,16,3,內湖區,2023-05-28 20:51:15,民權東路六段208號(前),13,1
725,YouBike2.0_捷運內湖站(2號出口),10,0,內湖區,2023-05-28 20:37:04,成功路四段167巷6弄2號(旁),9,1
727,YouBike2.0_康寧路一段156巷20弄口,17,0,內湖區,2023-05-28 20:12:04,康寧路一段156巷/康寧路一段156巷20弄(西側),17,1
729,YouBike2.0_安泰街83巷,20,0,內湖區,2023-05-28 20:36:04,安泰街83巷3號(對面),20,1
731,YouBike2.0_捷運港墘站(2號出口),47,0,內湖區,2023-05-28 20:46:04,內湖路一段520號,47,1
732,YouBike2.0_東湖國中,16,3,內湖區,2023-05-28 20:44:18,康樂街125巷4號(對面),13,1
733,YouBike2.0_石潭公園(安康路),20,2,內湖區,2023-05-28 20:44:18,安康路28號西北側,18,1
736,YouBike2.0_康寧路三段54巷口,15,2,內湖區,2023-05-28 20:21:15,康寧路三段54-5號西側,13,1
740,YouBike2.0_民權東路六段245巷口,12,3,內湖區,2023-05-28 19:42:15,民權東路六段247號(前),9,1
743,YouBike2.0_瑞光港墘路口,15,1,內湖區,2023-05-28 20:53:04,港墘路185號前,13,1
747,YouBike2.0_東湖一號公園,10,0,內湖區,2023-05-28 19:38:04,康寧路三段189巷163弄13號東南側,10,1
748,YouBike2.0_東湖二號公園,15,3,內湖區,2023-05-28 20:50:20,康寧路三段99巷39弄70號東南側,12,1
750,YouBike2.0_堤頂大道新湖一路口,13,2,內湖區,2023-05-28 20:09:14,堤頂大道一段215號前,10,1
752,YouBike2.0_舊宗行善路口,9,2,內湖區,2023-05-28 19:22:14,行善路179號西側,7,1
754,YouBike2.0_成功路四段41巷口,12,1,內湖區,2023-05-28 20:40:21,成功路四段41巷6號前側,11,1
757,YouBike2.0_民權東路六段190巷117弄口,15,3,內湖區,2023-05-28 19:09:14,民權東路六段190巷117弄15號對側,12,1
758,YouBike2.0_內湖運動中心,21,2,內湖區,2023-05-28 20:44:18,洲子街12號前,19,1
764,YouBike2.0_陽光街161巷口,16,3,內湖區,2023-05-28 20:51:15,陽光街161巷14號對側,13,1
768,YouBike2.0_瑞光路76巷口,12,2,內湖區,2023-05-28 20:16:15,瑞光路102號前,10,1
769,YouBike2.0_捷運東湖站,28,2,內湖區,2023-05-28 20:48:14,安康路315巷/五分街14巷(西側),26,1
770,YouBike2.0_新湖國小,12,3,內湖區,2023-05-28 20:23:15,民權東路六段/成功路二段320巷31弄(東南側),8,1
772,YouBike2.0_民權東路六段413巷,16,0,內湖區,2023-05-28 20:53:15,民權東路六段409號前,16,1
773,YouBike2.0_宏匯瑞光廣場(瑞光路),16,0,內湖區,2023-05-28 20:07:04,瑞光路353號前(瑞光路側人行道),16,1
774,YouBike2.0_宏匯瑞光廣場(港墘路),20,2,內湖區,2023-05-28 20:48:14,瑞光路355號前(港墘路側人行道),18,1
776,YouBike2.0_內湖路一段360巷,15,2,內湖區,2023-05-28 20:29:15,內湖路一段358號,13,1
777,YouBike2.0_成功路三段83號前,11,3,內湖區,2023-05-28 20:21:15,成功路三段83號前,8,1
778,YouBike2.0_內湖路一段47巷,16,3,內湖區,2023-05-28 19:56:16,內湖路一段47巷/內湖路一段47巷22弄,12,1
785,YouBike2.0_明美公園(行善路333巷),16,0,內湖區,2023-05-28 19:49:04,行善路333巷92號前,16,1
786,YouBike2.0_行善路383巷,17,0,內湖區,2023-05-28 19:21:04,行善路383巷27號對側,16,1
789,YouBike2.0_內湖路三段326巷口,15,3,內湖區,2023-05-28 20:36:15,內湖路三段326巷/內湖路三段,12,1
798,YouBike2.0_康寧路三段99巷17弄口,15,3,內湖區,2023-05-28 20:23:15,康寧路三段99巷19號對側,12,1
801,YouBike2.0_致伸科技大樓,17,1,內湖區,2023-05-28 19:37:14,瑞光路669號旁,16,1
802,YouBike2.0_內湖路一段288巷口,20,0,內湖區,2023-05-28 19:45:05,內湖路一段290號前,20,1
803,YouBike2.0_大都會客運內湖站,15,1,內湖區,2023-05-28 20:07:14,民權東路六段11巷25號對側,14,1
804,YouBike2.0_瑞湖公園,15,3,內湖區,2023-05-28 19:58:14,民權東路六段15巷/民權東路六段19巷,12,1
806,YouBike2.0_遠雄時代總部,14,2,內湖區,2023-05-28 20:50:20,瑞光路423號,12,1
807,YouBike2.0_瑞光路358巷口,14,0,內湖區,2023-05-28 19:48:04,瑞光路/瑞光路358巷,14,1
815,YouBike2.0_內湖路一段120巷15弄,19,2,內湖區,2023-05-28 19:24:14,內湖路一段120巷15弄8號對側,17,1
816,YouBike2.0_北勢湖環保公園(堤頂大道側),14,2,內湖區,2023-05-28 19:38:15,堤頂大道二段501號前,12,1
819,YouBike2.0_洲美運動公園,20,2,北投區,2023-05-28 20:52:14,洲美街271號(對面),18,1
823,YouBike2.0_永欣綠地,25,1,北投區,2023-05-28 20:12:14,行義路10巷2號(旁),24,1
827,YouBike2.0_捷運忠義站(1號出口),17,1,北投區,2023-05-28 20:25:04,中央北路四段262號(對面),16,1
829,YouBike2.0_捷運關渡站(2號出口),14,0,北投區,2023-05-28 20:39:04,捷運關渡站2號出口外人行道,14,1
830,YouBike2.0_中央北路四段540巷口,19,2,北投區,2023-05-28 20:39:14,中央北路四段529號(對面),17,1
831,YouBike2.0_大度立德路口,18,0,北投區,2023-05-28 18:01:04,大度路三段立德路口(西北側),18,1
834,YouBike2.0_豐年公園,20,0,北投區,2023-05-28 20:52:04,大業路529號(對面),20,1
852,YouBike2.0_捷運石牌站(1號出口),20,3,北投區,2023-05-28 20:26:15,石牌路一段139號(對面),15,1
853,YouBike2.0_振興醫院,36,3,北投區,2023-05-28 20:39:14,明德路365號(前),31,1
855,YouBike2.0_振興公園,13,2,北投區,2023-05-28 20:43:17,天母西路109號(對面),11,1
857,YouBike2.0_承德路七段280巷口,17,0,北投區,2023-05-28 20:52:04,承德路七段260號(前),11,1
862,YouBike2.0_中央北路四段30巷口,16,0,北投區,2023-05-28 20:45:05,中央北路四段32號(旁),16,1
866,YouBike2.0_承德石牌路口,17,2,北投區,2023-05-28 20:35:14,承德路七段與石牌路一段口北側,13,1
876,YouBike2.0_新奇岩社會住宅,12,3,北投區,2023-05-28 20:33:15,磺港路269-271號(旁),7,1
877,YouBike2.0_泉源公園,15,1,北投區,2023-05-28 18:40:22,珠海路145號(對側公園),14,1
879,YouBike2.0_臺北健康護理大學(教研大樓),15,1,北投區,2023-05-28 20:51:15,石牌路二段185號對側,14,1
881,YouBike2.0_福星公園,18,1,北投區,2023-05-28 20:53:16,文林北路280號(對側公園),16,1
883,YouBike2.0_豐年公園_1,18,1,北投區,2023-05-28 20:52:04,大業路539號,17,1
885,YouBike2.0_和信治癌中心醫院,18,1,北投區,2023-05-28 20:44:06,立德路125號,17,1
886,YouBike2.0_致遠新村,15,3,北投區,2023-05-28 19:29:14,秀山路26號(懷遠新村社區入口南側),12,1
888,YouBike2.0_中和街493巷9弄口,16,3,北投區,2023-05-28 20:15:15,中和街493巷9弄2號對側,13,1
890,YouBike2.0_石牌立農街口,29,1,北投區,2023-05-28 20:02:13,石牌路二段/立農街二段口,28,1
895,YouBike2.0_捷運北投站(1號出口)(北投路側),31,1,北投區,2023-05-28 20:25:15,捷運北投站(1號出口)(北投路側),30,1
896,YouBike2.0_華固創富中心,15,1,北投區,2023-05-28 17:49:14,承德路六段120號(北側地下室車道旁),14,1
904,YouBike2.0_捷運南京三民站(1號出口),35,1,松山區,2023-05-28 20:52:04,捷運南京三民站(1號出口),34,1
905,YouBike2.0_光復北路11巷口,23,2,松山區,2023-05-28 20:49:14,光復北路13號(旁),21,1
906,YouBike2.0_捷運南京三民站(4號出口),13,0,松山區,2023-05-28 20:23:04,南京東路五段229號(前),13,1
907,YouBike2.0_西松高中,14,3,松山區,2023-05-28 20:32:14,健康路325巷5弄5號(前),10,1
915,YouBike2.0_捷運小巨蛋站(2號出口),26,0,松山區,2023-05-28 20:27:04,南京東路四段6號(前),26,1
916,YouBike2.0_臺北市藝文推廣處,45,1,松山區,2023-05-28 20:50:20,八德路三段25號(前),44,1
926,YouBike2.0_平安新城,16,1,松山區,2023-05-28 20:22:14,延壽街356巷/延壽街330巷16弄(東北側),15,1
928,YouBike2.0_民權光復路口(東北側),24,1,松山區,2023-05-28 20:32:14,民權東路四段/光復北路(東北側),23,1
932,YouBike2.0_松山新城,14,1,松山區,2023-05-28 20:09:14,健康路78號(對面),13,1
933,YouBike2.0_內政部營建署,33,2,松山區,2023-05-28 20:53:16,八德路二段342號(前),31,1
940,YouBike2.0_捷運南京復興站(7號出口),15,1,松山區,2023-05-28 20:48:14,慶城街1號(東南側),14,1
943,YouBike2.0_臺北田徑場,42,2,松山區,2023-05-28 20:25:15,敦化北路/八德路三段(東北側),38,1
944,YouBike2.0_捷運小巨蛋站(5號出口),22,3,松山區,2023-05-28 20:48:14,南京東路四段75-1號前,19,1
947,YouBike2.0_捷運松山站(2號出口),14,2,松山區,2023-05-28 20:50:20,八德路四段685號前,12,1
948,YouBike2.0_民權東路三段106巷口,22,3,松山區,2023-05-28 20:42:14,民權東路三段102號前,17,1
949,YouBike2.0_南京東路五段59巷口,11,1,松山區,2023-05-28 20:48:14,南京東路五段57號(前),10,1
950,YouBike2.0_三民公園(塔悠路),20,1,松山區,2023-05-28 20:53:16,塔悠路/撫遠街261巷(西側),19,1
952,YouBike2.0_西松公園,11,3,松山區,2023-05-28 20:53:16,健康路/南京東路五段251巷50弄(西側),7,1
954,YouBike2.0_復源公園,14,1,松山區,2023-05-28 20:50:20,八德路三段106巷62號(對面),10,1
956,YouBike2.0_臺北田徑場(北寧路側),24,0,松山區,2023-05-28 20:21:04,八德路三段25號前,24,1
960,YouBike2.0_介壽國中,12,1,松山區,2023-05-28 20:50:20,民生東路五段36巷/光復北路165巷,10,1
965,YouBike2.0_長春慶城街口,16,0,松山區,2023-05-28 20:13:04,長春路431號前,16,1
968,YouBike2.0_捷運小巨蛋站(3號出口),15,0,松山區,2023-05-28 20:49:04,南京東路四段12號前,15,1
969,YouBike2.0_捷運小巨蛋站(5號出口)_1,20,0,松山區,2023-05-28 20:32:04,南京東路四段/健康路(西北側),18,1
970,YouBike2.0_敦化北路155巷口,30,2,松山區,2023-05-28 20:33:04,敦化北路151號前分隔島,27,1
972,YouBike2.0_市民延吉街口,30,1,松山區,2023-05-28 20:48:14,市民大道/延吉街(市民大道橋下空地),29,1
974,YouBike2.0_捷運南京三民站(3號出口),29,1,松山區,2023-05-28 20:51:04,捷運南京三民站(3號出口),28,1
982,YouBike2.0_合樂公園,15,0,南港區,2023-05-28 20:38:04,玉成街46號東側,15,1
986,YouBike2.0_研究院舊莊街口,30,1,南港區,2023-05-28 20:52:14,舊莊街一段1號西側,29,1
989,YouBike2.0_捷運南港展覽館站(5號出口),56,0,南港區,2023-05-28 20:37:04,研究院路一段1號(5號出口),56,1
996,YouBike2.0_南港國小,30,0,南港區,2023-05-28 19:26:04,惠民街67號東南側,30,1
1000,YouBike2.0_向陽南港路口,21,2,南港區,2023-05-28 20:28:15,向陽路49號北側,17,1
1001,YouBike2.0_南港車站(忠孝東路七段415巷),11,2,南港區,2023-05-28 20:41:16,忠孝東路七段510號西北側,9,1
1002,YouBike2.0_捷運南港站(2號出口),14,2,南港區,2023-05-28 20:45:16,忠孝東路七段380號(2號出口),12,1
1003,YouBike2.0_捷運南港站(1號出口),20,2,南港區,2023-05-28 20:06:15,忠孝東路七段380號(1號出口),18,1
1006,YouBike2.0_六福公園,19,3,南港區,2023-05-28 20:37:14,研究院路二段35巷23弄25號北側,16,1
1010,YouBike2.0_臺北流行音樂中心(市民大道),21,2,南港區,2023-05-28 20:12:04,市民大道八段99號,19,1
1011,YouBike2.0_南港車站(市民大道),30,1,南港區,2023-05-28 20:44:06,南港路一段313號(市民大道),29,1
1016,YouBike2.0_新新公園(昆陽街60巷),20,0,南港區,2023-05-28 20:46:04,南港路三段47巷8號南側,20,1
1017,YouBike2.0_南港高中(昆陽街),14,0,南港區,2023-05-28 20:19:04,昆陽街58號東側,13,1
1020,YouBike2.0_南港東新街口,28,2,南港區,2023-05-28 20:49:14,東新街4號東側,26,1
1022,YouBike2.0_捷運後山埤站(3號出口),12,0,南港區,2023-05-15 07:23:15,玉成街150號,12,0
1030,YouBike2.0_經貿公園,20,1,南港區,2023-05-28 19:13:15,經園街58號北側,19,1
1031,YouBike2.0_育成高中,20,3,南港區,2023-05-28 20:47:15,惠民街71號西側,17,1
1044,YouBike2.0_南港車站(忠孝東路),24,0,南港區,2023-05-28 20:17:30,忠孝東路七段/興中路(西北側),24,1
1047,YouBike2.0_玉東公園(東新街),14,3,南港區,2023-05-28 20:43:17,東新街/市民大道七段(北側),11,1
1051,YouBike2.0_成德立體停車場,14,1,南港區,2023-05-28 20:08:04,成福路/東新街80巷10弄,13,1
1052,YouBike2.0_南港展覽館2館,18,1,南港區,2023-05-28 20:53:16,經貿二路/南港路一段(西北側),17,1
1058,YouBike2.0_南港路三段130巷口,12,1,南港區,2023-05-28 19:48:04,松河街380號對側,11,1
1073,YouBike2.0_捷運象山站(2號出口),31,1,信義區,2023-05-28 20:53:16,信義路五段128號東側,29,1
1074,YouBike2.0_象山公園,34,1,信義區,2023-05-28 20:51:16,松仁路153巷15號東側,33,1
1081,YouBike2.0_信義運動中心,33,0,信義區,2023-05-28 20:50:09,松勤街100號(前),33,1
1082,YouBike2.0_捷運台北101/世貿站(3號出口),15,1,信義區,2023-05-28 20:53:16,信義路五段16號前,12,1
1085,YouBike2.0_三張犁,40,1,信義區,2023-05-28 20:50:09,光復南路455號前方,38,1
1086,YouBike2.0_仁愛路四段496巷口,34,1,信義區,2023-05-28 20:50:20,仁愛路四段與仁愛路四段496巷口西南側,32,1
1096,YouBike2.0_市民廣場,30,1,信義區,2023-05-28 20:50:20,市府路/松壽路(西北側),29,1
1097,YouBike2.0_信義廣場(台北101),96,2,信義區,2023-05-28 20:53:16,松智路/信義路(東北側),92,1
1098,YouBike2.0_捷運台北101/世貿站(5號出口),15,0,信義區,2023-05-28 20:44:06,市府路/信義路(西北側),15,1
1108,YouBike2.0_興雅國小(基隆路一段37巷),15,2,信義區,2023-05-28 20:45:16,基隆路一段83巷9號西側,11,1
1109,YouBike2.0_雅祥公園(松信路50巷口),12,0,信義區,2023-05-28 20:53:04,松信路61號西側,12,1
1117,YouBike2.0_基隆忠孝路口西南側,14,3,信義區,2023-05-28 20:52:14,忠孝東路四段550號,8,1
1118,YouBike2.0_泰和里民活動中心,18,2,信義區,2023-05-28 20:49:14,松仁路308巷60號,14,1
1119,YouBike2.0_捷運後山埤站(2號出口),22,3,信義區,2023-05-28 20:51:16,忠孝東路五段800號,19,1
1120,YouBike2.0_虎林永吉路口,15,1,信義區,2023-05-28 20:51:04,永吉路356號東側,12,1
1122,YouBike2.0_永吉路321巷口,15,3,信義區,2023-05-28 20:53:16,永吉路323號西側,9,1
1125,YouBike2.0_捷運象山站(3號出口),51,2,信義區,2023-05-28 20:48:14,信義路五段/信義路五段91巷口(西北側),49,1
1127,YouBike2.0_世貿三館,30,2,信義區,2023-05-28 20:49:14,市府路/松壽路口東南側,26,1
1134,YouBike2.0_仁愛逸仙路口,28,2,信義區,2023-05-28 20:52:14,仁愛路四段/逸仙路口(西北側),25,1
1136,YouBike2.0_信義基隆路口,20,0,信義區,2023-05-28 20:53:16,信義路四段393號前,19,1
1137,YouBike2.0_捷運台北101/世貿站(2號出口),49,0,信義區,2023-05-28 20:42:04,捷運台北101/世貿站(2號出口)(西側),49,1
1142,YouBike2.0_臺北南山廣場_1,55,0,信義區,2023-05-28 20:50:09,松智路/松廉路(東北側),52,1
1143,YouBike2.0_景聯廣場,13,2,信義區,2023-05-28 20:52:14,松勤街8號對側,10,1
1150,YouBike2.0_松勤莊敬路口,15,0,信義區,2023-05-28 20:10:09,松勤街/莊敬路,15,1
1151,YouBike2.0_松仁松平路口,10,1,信義區,2023-05-28 20:36:04,松仁路/松平路,9,1
1157,YouBike2.0_和平東路三段291號,15,1,信義區,2023-05-28 20:53:04,和平東路三段291號前,14,1
1160,YouBike2.0_萬大路486巷口,10,3,萬華區,2023-05-28 20:37:14,萬大路482號(旁),7,1
1167,YouBike2.0_青年公園籃球場,16,2,萬華區,2023-05-28 20:47:15,青年公園籃球場南側,12,1
1168,YouBike2.0_復華花園新城,28,3,萬華區,2023-05-28 20:52:14,西藏路123號前,25,1
1175,YouBike2.0_錦德公園,16,0,萬華區,2023-05-28 20:44:18,德昌街243號前,12,1
1178,YouBike2.0_西園艋舺路口,32,1,萬華區,2023-05-28 20:51:16,西園路二段與艋舺大道口西南側,31,1
1184,YouBike2.0_大理高中,37,3,萬華區,2023-05-28 20:52:14,環河南路二段與西藏路口東側,34,1
1186,YouBike2.0_兩棵樹公園,17,2,萬華區,2023-05-28 20:43:17,艋舺大道與大理街160巷20弄口東側,15,1
1190,YouBike2.0_長沙公園,24,3,萬華區,2023-05-28 20:51:16,環河南路一段280-1號(對面),19,1
1192,YouBike2.0_西本願寺廣場,65,1,萬華區,2023-05-28 20:52:04,中華路一段164號(前),63,1
1194,YouBike2.0_捷運龍山寺站(1號出口),30,0,萬華區,2023-05-28 20:50:09,和平西路三段/西園路一段(東北側),30,1
1197,YouBike2.0_老松國小,40,1,萬華區,2023-05-28 20:49:14,康定路238號(對面),39,1
1199,YouBike2.0_萬華火車站(D2廣場),17,1,萬華區,2023-05-28 20:53:16,康定路/康定路287巷(東南側),16,1
1200,YouBike2.0_捷運龍山寺站(3號出口),23,0,萬華區,2023-05-28 20:42:04,和平西路三段/和平西路三段88巷(西南側),22,1
1201,YouBike2.0_臺北市電影主題公園(峨嵋街),15,3,萬華區,2023-05-28 20:51:16,峨嵋街100號(對面),12,1
1202,YouBike2.0_臺北市電影主題公園(康定路),15,1,萬華區,2023-05-28 20:43:17,康定路18-2號(對面),14,1
1203,YouBike2.0_中華峨嵋街口,24,3,萬華區,2023-05-28 20:53:16,中華路一段130號(前),21,1
1206,YouBike2.0_德昌街10巷口,10,1,萬華區,2023-05-28 20:52:14,德昌街15號(對面),8,1
1208,YouBike2.0_長順街60巷口,15,1,萬華區,2023-05-28 18:51:16,長順街60巷38號對側,14,1
1215,YouBike2.0_環南綜合市場,14,1,萬華區,2023-05-28 12:35:14,環河南路二段245號旁,13,1
1216,YouBike2.0_龍山國中,15,2,萬華區,2023-05-28 20:43:17,南寧路與廣州街口南側,13,1
1221,YouBike2.0_捷運龍山寺站(1號出口)_1,36,0,萬華區,2023-05-28 20:47:04,和平西路三段/和平西路三段109巷(西北側),36,1
1222,YouBike2.0_莒光社會住宅,30,3,萬華區,2023-05-28 20:50:20,萬大路與興寧街66巷22弄口西北側,26,1
1229,YouBike2.0_臺大水源修齊會館,18,1,臺大專區,2023-05-28 20:53:16,思源街16號之1旁,14,1
1230,YouBike2.0_臺大檔案展示館,10,1,臺大專區,2023-05-28 19:52:04,臺大檔案展示館東北側,8,1
1233,YouBike2.0_臺大禮賢樓東南側,23,3,臺大專區,2023-05-28 19:58:14,臺大仰萃樓東南側,20,1
1236,YouBike2.0_臺大土木系館,30,1,臺大專區,2023-05-28 20:19:04,臺大土木工程學系所南側,29,1
1237,YouBike2.0_臺大大一女舍北側,53,1,臺大專區,2023-05-28 20:53:16,臺大女一舍北側,52,1
1240,YouBike2.0_臺大立體機車停車場,27,1,臺大專區,2023-05-28 20:09:04,基隆路三段/基隆路三段156巷口北側,26,1
1244,YouBike2.0_臺大樂學館東側,28,3,臺大專區,2023-05-28 20:52:14,臺大文學院西側,25,1
1245,YouBike2.0_臺大農化新館西側,10,2,臺大專區,2023-05-28 20:49:14,臺大生化科技學系西側,8,1
1246,YouBike2.0_臺大五號館西側,20,1,臺大專區,2023-05-28 20:47:04,臺大生物系館西側,18,1
1248,YouBike2.0_臺大共同教室北側,20,3,臺大專區,2023-05-28 20:43:17,臺大共同教學館東北側,16,1
1249,YouBike2.0_臺大共同教室東南側,12,1,臺大專區,2023-05-28 20:52:04,臺大共同教學館東南側,10,1
1250,YouBike2.0_臺大鹿鳴堂東側,27,0,臺大專區,2023-05-28 20:30:26,臺大鹿鳴廣場人行道側,26,1
1252,YouBike2.0_臺大第二行政大樓南側,27,0,臺大專區,2023-05-28 15:53:04,臺大行政大樓西側,27,1
1254,YouBike2.0_臺大二號館,10,1,臺大專區,2023-05-28 19:35:15,臺大物理文物廳北側,9,1
1255,YouBike2.0_臺大凝態館南側,20,0,臺大專區,2023-05-28 20:53:04,臺大物理系館南側,20,1
1258,YouBike2.0_臺大思亮館東南側,10,2,臺大專區,2023-05-28 16:11:16,臺大思亮館東南側,8,1
1259,YouBike2.0_臺大椰林小舖,48,3,臺大專區,2023-05-28 20:50:20,臺大椰林小舖旁,45,1
1261,YouBike2.0_臺大原分所北側,12,1,臺大專區,2023-05-28 19:17:25,臺大原子與分子科學研究所東北側,10,1
1262,YouBike2.0_臺大生命科學館西北側,30,1,臺大專區,2023-05-28 20:13:16,臺大動物博物館西側,29,1
1266,YouBike2.0_臺大森林館北側,10,0,臺大專區,2023-05-28 20:40:10,臺大森林系學系北側,10,1
1267,YouBike2.0_臺大一號館,19,0,臺大專區,2023-05-28 20:37:04,臺大植物魚類標本館一號館北側,18,1
1268,YouBike2.0_臺大小小福西南側,10,0,臺大專區,2023-05-28 13:03:04,臺大進修教育大樓,10,1
1269,YouBike2.0_臺大教研館北側,11,1,臺大專區,2023-05-28 20:43:04,臺大雅頌廣場東南側,10,1
1270,YouBike2.0_臺大四號館東北側,10,0,臺大專區,2023-05-28 18:51:04,臺大園藝暨景觀學系北側,10,1
1273,YouBike2.0_臺大電機二館東南側,14,2,臺大專區,2023-05-28 20:53:16,臺大電機二館南側,12,1
1275,YouBike2.0_臺大總圖書館西南側,30,1,臺大專區,2023-05-28 20:13:17,臺大圖書館西南側,29,1
1277,YouBike2.0_臺大獸醫館南側,24,1,臺大專區,2023-05-28 20:27:04,臺大獸醫系館南側,23,1
1278,YouBike2.0_臺大新體育館東南側,40,1,臺大專區,2023-05-28 19:49:15,臺大體育館東側,39,1
